week,article_date,title,slug,cluster,search_intent,pin_angle,status
1,2026-09-29,"How Much Does a Puppy Cost in the First Year?","how-much-does-a-puppy-cost-first-year","New puppy","Commercial investigation","The puppy budget nobody shows you","READY"
1,2026-10-02,"A Realistic Daily Schedule for a New Puppy","new-puppy-daily-schedule","New puppy","Practical guide","Save this puppy routine","READY"
2,2026-10-06,"How to Cat-Proof an Apartment Room by Room","how-to-cat-proof-an-apartment","Indoor cats","Checklist","The room most people forget","PLANNED"
2,2026-10-09,"How Much Time Does a Dog Need Every Day?","how-much-time-does-a-dog-need","Dog lifestyle","Informational","The honest daily time budget","PLANNED"
3,2026-10-13,"The Complete Dog Boarding Checklist","dog-boarding-checklist","Travel","Checklist","Pack this before boarding day","PLANNED"
3,2026-10-16,"What to Leave a Cat Sitter: Printable Instructions","cat-sitter-instructions-checklist","Travel","Template","Your cat sitter needs these 12 details","PLANNED"
4,2026-10-20,"15 Rainy-Day Enrichment Games for Dogs","rainy-day-dog-enrichment-games","Enrichment","Ideas","Indoor games that actually tire a dog","PLANNED"
4,2026-10-23,"The Cat Toy Rotation Method: Less Clutter More Play","cat-toy-rotation-method","Enrichment","How-to","Make old cat toys feel new again","PLANNED"
5,2026-10-27,"Adopting an Adult Dog: First-Week Checklist","adopting-an-adult-dog-checklist","Adoption","Checklist","The calmer alternative to puppy chaos","PLANNED"
5,2026-10-30,"A Realistic Daily Schedule for a New Kitten","new-kitten-daily-schedule","New kitten","Practical guide","Save this kitten routine","PLANNED"
6,2026-11-03,"How to Choose the Right Dog Crate Size","how-to-choose-dog-crate-size","New dog","Commercial investigation","Measure before you buy","PLANNED"
6,2026-11-06,"How Many Litter Boxes Do Cats Need? A Practical Setup Guide","how-many-litter-boxes-do-cats-need","Indoor cats","Practical guide","The simple litter-box formula","PLANNED"
7,2026-11-10,"Puppy Apartment Setup: A Small-Space Floor Plan","puppy-apartment-setup","New puppy","How-to","A puppy zone for small homes","PLANNED"
7,2026-11-13,"How to Build a Weekly Pet-Care Routine","weekly-pet-care-routine","Organization","Template","The 15-minute Sunday reset","PLANNED"
8,2026-11-17,"Traveling With a Cat by Car: Calm Preparation Checklist","traveling-with-a-cat-by-car","Travel","Checklist","Pack before the carrier comes out","PLANNED"
8,2026-11-20,"Road Trip With a Dog: The Complete Packing List","dog-road-trip-packing-list","Travel","Checklist","What belongs in the dog travel bag","PLANNED"
9,2026-11-24,"Hosting Thanksgiving With Pets: A Low-Stress Plan","hosting-thanksgiving-with-pets","Seasonal","Practical guide","A calmer holiday for pets and guests","PLANNED"
9,2026-11-27,"What to Do With Your Pet While Holiday Shopping","pet-care-during-holiday-shopping","Seasonal","Ideas","Skip the last-minute pet-care scramble","PLANNED"
10,2026-12-01,"Best Gifts for New Puppy Owners That Are Actually Useful","useful-gifts-for-new-puppy-owners","Gift guide","Commercial investigation","Useful not gimmicky puppy gifts","PLANNED_NO_AFFILIATE"
10,2026-12-04,"Best Gifts for Cat Owners Under $50","useful-gifts-for-cat-owners-under-50","Gift guide","Commercial investigation","Cat gifts people will actually use","PLANNED_NO_AFFILIATE"
11,2026-12-08,"How to Photograph Your Pet With a Phone","how-to-photograph-your-pet-with-a-phone","Pet life","How-to","Five tricks for better pet photos","PLANNED"
11,2026-12-11,"DIY Pet Memory Book: A One-Hour Weekend Project","diy-pet-memory-book","Bonding","How-to","Turn camera-roll chaos into a keepsake","PLANNED"
12,2026-12-15,"How to Keep a Dog Busy While You Work From Home","keep-dog-busy-while-working-from-home","Enrichment","Practical guide","A workday plan without constant treats","PLANNED"
12,2026-12-18,"How to Create a Window Enrichment Station for Cats","cat-window-enrichment-station","Enrichment","How-to","Build better cat TV","PLANNED"
13,2026-12-22,"A Year-End Pet Records Checklist","year-end-pet-records-checklist","Organization","Checklist","The folder every pet household needs","PLANNED"
13,2026-12-24,"10 New-Year Enrichment Goals for You and Your Pet","new-year-pet-enrichment-goals","Bonding","Ideas","Small goals your pet will notice","PLANNED"
