date,title,description,target_url,source_image,image_path,board,status
"2026-09-28","How much does a puppy cost in year one?","The purchase fee is only the beginning. Build a realistic puppy budget for supplies, food, training and surprises.","https://canmypethave.com/guides/how-much-does-a-puppy-cost-first-year.html?utm_source=pinterest&utm_medium=social&utm_campaign=phase2&utm_content=puppy-cost","assets/guide/hero-puppy-first-year-cost.jpg","pins/phase2/2026-09-28-puppy-cost.jpg","New Puppy Tips","READY_AFTER_DEPLOY"
"2026-09-29","Save this realistic puppy routine","Potty, food, play, potty, nap: the simple loop that makes a new puppy schedule work.","https://canmypethave.com/guides/new-puppy-daily-schedule.html?utm_source=pinterest&utm_medium=social&utm_campaign=phase2&utm_content=puppy-schedule","assets/guide/hero-new-puppy-daily-schedule.jpg","pins/phase2/2026-09-29-puppy-schedule.jpg","New Puppy Tips","READY_AFTER_DEPLOY"
"2026-09-30","The complete new puppy checklist","What to buy, prepare and puppy-proof before those paws come through the door.","https://canmypethave.com/guides/new-puppy-checklist.html?utm_source=pinterest&utm_medium=social&utm_campaign=phase2&utm_content=puppy-checklist","assets/guide/hero-new-puppy-checklist.jpg","pins/phase2/2026-09-30-puppy-checklist.jpg","New Puppy Tips","READY"
"2026-10-01","The complete new kitten checklist","A room-by-room checklist for a calmer first day and first week with a kitten.","https://canmypethave.com/guides/new-kitten-checklist.html?utm_source=pinterest&utm_medium=social&utm_campaign=phase2&utm_content=kitten-checklist","assets/guide/hero-new-kitten-checklist.jpg","pins/phase2/2026-10-01-kitten-checklist.jpg","Cat Care Tips","READY"
"2026-10-02","Dog or cat: which really fits your life?","Compare time, cost, space, noise and personality before choosing your next pet.","https://canmypethave.com/guides/dog-or-cat-which-is-right-for-you.html?utm_source=pinterest&utm_medium=social&utm_campaign=phase2&utm_content=dog-or-cat","assets/guide/hero-dog-or-cat-which-is-right-for-you.webp","pins/phase2/2026-10-02-dog-or-cat.jpg","Choosing a Pet","READY"
"2026-10-03","10 cat breeds for apartment living","Small space does not automatically mean low energy. Meet adaptable cats and the setup they still need.","https://canmypethave.com/guides/best-cat-breeds-for-apartments.html?utm_source=pinterest&utm_medium=social&utm_campaign=phase2&utm_content=cat-apartment","assets/guide/hero-best-cat-breeds-for-apartments.jpg","pins/phase2/2026-10-03-cat-apartment.jpg","Cat Breeds","READY"
"2026-10-04","10 dog breeds for apartments","Quiet and adaptable matters more than tiny. See which breeds can thrive without a yard.","https://canmypethave.com/guides/best-dog-breeds-for-apartments.html?utm_source=pinterest&utm_medium=social&utm_campaign=phase2&utm_content=dog-apartment","assets/breeds/apt-hero.webp","pins/phase2/2026-10-04-dog-apartment.jpg","Dog Breeds","READY"
"2026-10-05","Which cat personality lives with you?","Five familiar cat personality types — and how to make each one feel understood.","https://canmypethave.com/guides/cat-personality-types.html?utm_source=pinterest&utm_medium=social&utm_campaign=phase2&utm_content=cat-personality","assets/guide/hero-cat-personality-types.jpg","pins/phase2/2026-10-05-cat-personality.jpg","Cat Behavior","READY"
"2026-10-06","Which dog personality lives with you?","Confident explorer or cautious observer? Spot your dog's style and work with it.","https://canmypethave.com/guides/dog-personality-types.html?utm_source=pinterest&utm_medium=social&utm_campaign=phase2&utm_content=dog-personality","assets/guide/hero-dog-personality-types.jpg","pins/phase2/2026-10-06-dog-personality.jpg","Dog Behavior","READY"
"2026-10-07","What your cat's tail is telling you","Tail, ears, eyes and whiskers make more sense when you read the whole cat.","https://canmypethave.com/guides/cat-body-language.html?utm_source=pinterest&utm_medium=social&utm_campaign=phase2&utm_content=cat-language","assets/guide/hero-cat-body-language.webp","pins/phase2/2026-10-07-cat-language.jpg","Cat Behavior","READY"
"2026-10-08","A wag does not always mean happy","Learn to read posture, eyes, ears and movement instead of trusting one wag.","https://canmypethave.com/guides/dog-body-language.html?utm_source=pinterest&utm_medium=social&utm_campaign=phase2&utm_content=dog-language","assets/guide/hero-dog-body-language.webp","pins/phase2/2026-10-08-dog-language.jpg","Dog Behavior","READY"
"2026-10-09","15 things that quietly make cats happy","High places, predictable routines and better play: small changes cats notice.","https://canmypethave.com/guides/things-cats-secretly-love.html?utm_source=pinterest&utm_medium=social&utm_campaign=phase2&utm_content=cats-love","assets/guide/hero-things-cats-secretly-love.webp","pins/phase2/2026-10-09-cats-love.jpg","Cat Care Tips","READY"
"2026-10-10","10 things dogs secretly love","The everyday habits dogs value — plus well-meaning things many would rather skip.","https://canmypethave.com/guides/things-dogs-secretly-love.html?utm_source=pinterest&utm_medium=social&utm_campaign=phase2&utm_content=dogs-love","assets/guide/hero-things-dogs-secretly-love.webp","pins/phase2/2026-10-10-dogs-love.jpg","Dog Care Tips","READY"
"2026-10-11","15 boredom busters for indoor cats","Rotate play, add vertical space and turn ordinary moments into enrichment.","https://canmypethave.com/guides/boredom-busters-for-cats.html?utm_source=pinterest&utm_medium=social&utm_campaign=phase2&utm_content=cat-boredom","assets/guide/hero-boredom-busters-for-cats.webp","pins/phase2/2026-10-11-cat-boredom.jpg","Cat Enrichment","READY"
"2026-10-12","12 DIY dog toys for tonight","Simple enrichment projects made from things already in the house — with a safety checklist.","https://canmypethave.com/guides/diy-dog-toys.html?utm_source=pinterest&utm_medium=social&utm_campaign=phase2&utm_content=diy-dog-toys","assets/guide/hero-diy-dog-toys.webp","pins/phase2/2026-10-12-diy-dog-toys.jpg","Dog Enrichment","READY"
"2026-10-13","12 games to play with your dog","Short games for movement, thinking and bonding — indoors or outside.","https://canmypethave.com/guides/fun-games-to-play-with-your-dog.html?utm_source=pinterest&utm_medium=social&utm_campaign=phase2&utm_content=dog-games","assets/guide/hero-fun-games-to-play-with-your-dog.webp","pins/phase2/2026-10-13-dog-games.jpg","Dog Enrichment","READY"
"2026-10-14","How much exercise does your dog need?","Age, energy and routine matter more than copying a generic walk target.","https://canmypethave.com/guides/how-much-exercise-does-my-dog-need.html?utm_source=pinterest&utm_medium=social&utm_campaign=phase2&utm_content=dog-exercise","assets/guide/hero-how-much-exercise-does-my-dog-need.webp","pins/phase2/2026-10-14-dog-exercise.jpg","Dog Enrichment","READY"
"2026-10-15","How to introduce a new pet slowly","A calm step-by-step introduction plan for cats, dogs and mixed households.","https://canmypethave.com/guides/how-to-introduce-a-new-pet.html?utm_source=pinterest&utm_medium=social&utm_campaign=phase2&utm_content=introduce-pet","assets/guide/hero-how-to-introduce-a-new-pet.webp","pins/phase2/2026-10-15-introduce-pet.jpg","Multi-Pet Homes","READY"
"2026-10-16","Do dogs and cats actually get along?","Species matters less than temperament, setup and the speed of the introduction.","https://canmypethave.com/guides/do-dogs-and-cats-get-along.html?utm_source=pinterest&utm_medium=social&utm_campaign=phase2&utm_content=dogs-cats","assets/guide/hero-do-dogs-and-cats-get-along.webp","pins/phase2/2026-10-16-dogs-cats.jpg","Multi-Pet Homes","READY"
"2026-10-17","How to tell if your pet is happy","Look for patterns in sleep, play, appetite, movement and social choices.","https://canmypethave.com/guides/how-to-tell-if-your-pet-is-happy.html?utm_source=pinterest&utm_medium=social&utm_campaign=phase2&utm_content=pet-happy","assets/guide/hero-how-to-tell-if-your-pet-is-happy.webp","pins/phase2/2026-10-17-pet-happy.jpg","Pet Bonding","READY"
"2026-10-18","15 signs your pet loves you","Slow blinks, relaxed proximity and the tiny choices that reveal real trust.","https://canmypethave.com/guides/signs-your-pet-loves-you.html?utm_source=pinterest&utm_medium=social&utm_campaign=phase2&utm_content=pet-love","assets/guide/hero-signs-your-pet-loves-you.webp","pins/phase2/2026-10-18-pet-love.jpg","Pet Bonding","READY"
"2026-10-19","Do pets have best friends?","How to spot a real animal friendship — and when peaceful coexistence is enough.","https://canmypethave.com/guides/do-pets-have-best-friends.html?utm_source=pinterest&utm_medium=social&utm_campaign=phase2&utm_content=pet-friends","assets/guide/hero-do-pets-have-best-friends.webp","pins/phase2/2026-10-19-pet-friends.jpg","Pet Bonding","READY"
"2026-10-20","What does your pet's sleeping position mean?","The donut, sploot, loaf and side sleeper — a playful guide to familiar poses.","https://canmypethave.com/guides/what-your-pets-sleeping-position-means.html?utm_source=pinterest&utm_medium=social&utm_campaign=phase2&utm_content=sleep-positions","assets/guide/hero-what-your-pets-sleeping-position-means.webp","pins/phase2/2026-10-20-sleep-positions.jpg","Pet Fun Facts","READY"
"2026-10-21","25 cat facts that explain a lot","From whiskers to slow blinks: fun facts for people who live with tiny mysteries.","https://canmypethave.com/guides/25-fun-facts-about-cats.html?utm_source=pinterest&utm_medium=social&utm_campaign=phase2&utm_content=cat-facts","assets/guide/hero-25-fun-facts-about-cats.jpg","pins/phase2/2026-10-21-cat-facts.jpg","Cat Fun Facts","READY"
"2026-10-22","25 dog facts worth sharing","Surprising facts about noses, sleep, communication and the dogs beside us.","https://canmypethave.com/guides/25-fun-facts-about-dogs.html?utm_source=pinterest&utm_medium=social&utm_campaign=phase2&utm_content=dog-facts","assets/guide/hero-25-fun-facts-about-dogs.jpg","pins/phase2/2026-10-22-dog-facts.jpg","Dog Fun Facts","READY"
"2026-10-23","Why do cats purr?","The familiar rumble can appear in more situations than simple happiness.","https://canmypethave.com/guides/why-do-cats-purr.html?utm_source=pinterest&utm_medium=social&utm_campaign=phase2&utm_content=cat-purr","assets/guide/hero-why-do-cats-purr.webp","pins/phase2/2026-10-23-cat-purr.jpg","Cat Behavior","READY"
"2026-10-24","Why does your dog tilt its head?","A charming habit with several possible explanations — and a lot of personality.","https://canmypethave.com/guides/why-does-my-dog-tilt-its-head.html?utm_source=pinterest&utm_medium=social&utm_campaign=phase2&utm_content=dog-head-tilt","assets/guide/hero-why-does-my-dog-tilt-its-head.webp","pins/phase2/2026-10-24-dog-head-tilt.jpg","Dog Behavior","READY"
"2026-10-25","Why cats and cucumbers should not mix","The viral prank is not harmless. See the real reason surprise matters more than the cucumber.","https://canmypethave.com/guides/why-are-cats-afraid-of-cucumbers.html?utm_source=pinterest&utm_medium=social&utm_campaign=phase2&utm_content=cat-cucumber","assets/guide/hero-why-are-cats-afraid-of-cucumbers.jpg","pins/phase2/2026-10-25-cat-cucumber.jpg","Cat Behavior","READY"
"2026-10-26","Find a dog breed that fits your life","Answer practical questions about space, time and energy before falling for a photo.","https://canmypethave.com/tools/breed-finder.html?utm_source=pinterest&utm_medium=social&utm_campaign=phase2&utm_content=breed-finder","assets/guide/hero-dog-or-cat-which-is-right-for-you.webp","pins/phase2/2026-10-26-breed-finder.jpg","Choosing a Pet","READY"
"2026-10-27","Create a pet-care calendar","Put recurring pet tasks in one simple plan instead of trusting memory.","https://canmypethave.com/tools/pet-calendar.html?utm_source=pinterest&utm_medium=social&utm_campaign=phase2&utm_content=pet-calendar","assets/guide/hero-new-puppy-daily-schedule.jpg","pins/phase2/2026-10-27-pet-calendar.jpg","Pet Organization","READY_AFTER_DEPLOY"
